video name,video id,YouTube link
0pVEO0bkreA.mp4,0pVEO0bkreA,https://www.youtube.com/watch?v=0pVEO0bkreA
UEoWRXJT_4I.mp4,UEoWRXJT_4I,https://www.youtube.com/watch?v=UEoWRXJT_4I
1mKITi1D0p0.mp4,1mKITi1D0p0,https://www.youtube.com/watch?v=1mKITi1D0p0
7tgm8KBlCtE.mp4,7tgm8KBlCtE,https://www.youtube.com/watch?v=7tgm8KBlCtE
1Yn0pk22pVM.mp4,1Yn0pk22pVM,https://www.youtube.com/watch?v=1Yn0pk22pVM
JWtsm3kYytM.mp4,JWtsm3kYytM,https://www.youtube.com/watch?v=JWtsm3kYytM
Z1-xcL5qz_g.mp4,Z1-xcL5qz_g,https://www.youtube.com/watch?v=Z1-xcL5qz_g
mHuiYAPoEw0.mp4,mHuiYAPoEw0,https://www.youtube.com/watch?v=mHuiYAPoEw0
GYKivQjEXCI.mp4,GYKivQjEXCI,https://www.youtube.com/watch?v=GYKivQjEXCI
XvfvI1sbzKo.mp4,XvfvI1sbzKo,https://www.youtube.com/watch?v=XvfvI1sbzKo
KAZ35qIm_JI.mp4,KAZ35qIm_JI,https://www.youtube.com/watch?v=KAZ35qIm_JI
qa92mxLc5r4.mp4,qa92mxLc5r4,https://www.youtube.com/watch?v=qa92mxLc5r4
7MxwUDHw6CM.mp4,7MxwUDHw6CM,https://www.youtube.com/watch?v=7MxwUDHw6CM
k2ueGO7Ig_I.mp4,k2ueGO7Ig_I,https://www.youtube.com/watch?v=k2ueGO7Ig_I
KDWN7dydxgU.mp4,KDWN7dydxgU,https://www.youtube.com/watch?v=KDWN7dydxgU
sgZ7RKyDrLg.mp4,sgZ7RKyDrLg,https://www.youtube.com/watch?v=sgZ7RKyDrLg
U6uluIgw4Yk.mp4,U6uluIgw4Yk,https://www.youtube.com/watch?v=U6uluIgw4Yk
yHX60DyyuQ0.mp4,yHX60DyyuQ0,https://www.youtube.com/watch?v=yHX60DyyuQ0
VTjq_BKLeg0.mp4,VTjq_BKLeg0,https://www.youtube.com/watch?v=VTjq_BKLeg0
WW6blT3lIZ0.mp4,WW6blT3lIZ0,https://www.youtube.com/watch?v=WW6blT3lIZ0
ArFQdvF8vDE.mp4,ArFQdvF8vDE,https://www.youtube.com/watch?v=ArFQdvF8vDE
0yGDLtX7RGQ.mp4,0yGDLtX7RGQ,https://www.youtube.com/watch?v=0yGDLtX7RGQ
YAc9NabBJzg.mp4,YAc9NabBJzg,https://www.youtube.com/watch?v=YAc9NabBJzg
bkMVmFt6KFU.mp4,bkMVmFt6KFU,https://www.youtube.com/watch?v=bkMVmFt6KFU
aFNo2V_m9L8.mp4,aFNo2V_m9L8,https://www.youtube.com/watch?v=aFNo2V_m9L8
mNJ8zSlpunk.mp4,mNJ8zSlpunk,https://www.youtube.com/watch?v=mNJ8zSlpunk
EHGfFXjFyiY.mp4,EHGfFXjFyiY,https://www.youtube.com/watch?v=EHGfFXjFyiY
HbhmHjN6qZ8.mp4,HbhmHjN6qZ8,https://www.youtube.com/watch?v=HbhmHjN6qZ8
1APwq1df6Mw.mp4,1APwq1df6Mw,https://www.youtube.com/watch?v=1APwq1df6Mw
PrJK6vPwg38.mp4,PrJK6vPwg38,https://www.youtube.com/watch?v=PrJK6vPwg38
fGfwqBQeDDE.mp4,fGfwqBQeDDE,https://www.youtube.com/watch?v=fGfwqBQeDDE
sR8vmBnp6qw.mp4,sR8vmBnp6qw,https://www.youtube.com/watch?v=sR8vmBnp6qw
67YetWC5_ik.mp4,67YetWC5_ik,https://www.youtube.com/watch?v=67YetWC5_ik
67HvhHFU4i4.mp4,67HvhHFU4i4,https://www.youtube.com/watch?v=67HvhHFU4i4
tPJ_ycE7m1s.mp4,tPJ_ycE7m1s,https://www.youtube.com/watch?v=tPJ_ycE7m1s
mAdwqHl7sac.mp4,mAdwqHl7sac,https://www.youtube.com/watch?v=mAdwqHl7sac
pIzNAgiBETM.mp4,pIzNAgiBETM,https://www.youtube.com/watch?v=pIzNAgiBETM
nctwbCpkrgo.mp4,nctwbCpkrgo,https://www.youtube.com/watch?v=nctwbCpkrgo
BZHdZCmvcc4.mp4,BZHdZCmvcc4,https://www.youtube.com/watch?v=BZHdZCmvcc4
3TtHg5XgZzI.mp4,3TtHg5XgZzI,https://www.youtube.com/watch?v=3TtHg5XgZzI
ndMrEMyRgQM.mp4,ndMrEMyRgQM,https://www.youtube.com/watch?v=ndMrEMyRgQM
uJ1XymENzRk.mp4,uJ1XymENzRk,https://www.youtube.com/watch?v=uJ1XymENzRk
rRJW1BibsdE.mp4,rRJW1BibsdE,https://www.youtube.com/watch?v=rRJW1BibsdE
9D30-gzEhWk.mp4,9D30-gzEhWk,https://www.youtube.com/watch?v=9D30-gzEhWk
pZuJf8CNqw4.mp4,pZuJf8CNqw4,https://www.youtube.com/watch?v=pZuJf8CNqw4
M51HeDfyWV4.mp4,M51HeDfyWV4,https://www.youtube.com/watch?v=M51HeDfyWV4
9shZHy-8DAg.mp4,9shZHy-8DAg,https://www.youtube.com/watch?v=9shZHy-8DAg
rgQabR-1shc.mp4,rgQabR-1shc,https://www.youtube.com/watch?v=rgQabR-1shc
jTZ-68IWkoo.mp4,jTZ-68IWkoo,https://www.youtube.com/watch?v=jTZ-68IWkoo
bTgrDXgVdzQ.mp4,bTgrDXgVdzQ,https://www.youtube.com/watch?v=bTgrDXgVdzQ
OAjporIeOCU.mp4,OAjporIeOCU,https://www.youtube.com/watch?v=OAjporIeOCU
vGOTq4H56To.mp4,vGOTq4H56To,https://www.youtube.com/watch?v=vGOTq4H56To
QgY_NypBUHg.mp4,QgY_NypBUHg,https://www.youtube.com/watch?v=QgY_NypBUHg
uaclvunMMcM.mp4,uaclvunMMcM,https://www.youtube.com/watch?v=uaclvunMMcM
a1WFY4moUPQ.mp4,a1WFY4moUPQ,https://www.youtube.com/watch?v=a1WFY4moUPQ
eSP9J69Ig4E.mp4,eSP9J69Ig4E,https://www.youtube.com/watch?v=eSP9J69Ig4E
W_KrxSUKVg8.mp4,W_KrxSUKVg8,https://www.youtube.com/watch?v=W_KrxSUKVg8
OQ99yUDepIs.mp4,OQ99yUDepIs,https://www.youtube.com/watch?v=OQ99yUDepIs
y39Y6ANewME.mp4,y39Y6ANewME,https://www.youtube.com/watch?v=y39Y6ANewME
Ls6_jWiVnfI.mp4,Ls6_jWiVnfI,https://www.youtube.com/watch?v=Ls6_jWiVnfI
3K25G4y53Sg.mp4,3K25G4y53Sg,https://www.youtube.com/watch?v=3K25G4y53Sg
f79ZWa8ZTwo.mp4,f79ZWa8ZTwo,https://www.youtube.com/watch?v=f79ZWa8ZTwo
78jLBNSqc3g.mp4,78jLBNSqc3g,https://www.youtube.com/watch?v=78jLBNSqc3g
XtQbu0g_Drs.mp4,XtQbu0g_Drs,https://www.youtube.com/watch?v=XtQbu0g_Drs
EGVPSdp4iLs.mp4,EGVPSdp4iLs,https://www.youtube.com/watch?v=EGVPSdp4iLs
iFLSG-7K3Tc.mp4,iFLSG-7K3Tc,https://www.youtube.com/watch?v=iFLSG-7K3Tc
YwrDP_l1AIM.mp4,YwrDP_l1AIM,https://www.youtube.com/watch?v=YwrDP_l1AIM
aGUN2f-6v8U.mp4,aGUN2f-6v8U,https://www.youtube.com/watch?v=aGUN2f-6v8U
14mRmD8zHOk.mp4,14mRmD8zHOk,https://www.youtube.com/watch?v=14mRmD8zHOk
GDF7KvNRHA4.mp4,GDF7KvNRHA4,https://www.youtube.com/watch?v=GDF7KvNRHA4
W8bTikEQk_M.mp4,W8bTikEQk_M,https://www.youtube.com/watch?v=W8bTikEQk_M
VQlXOOugWXk.mp4,VQlXOOugWXk,https://www.youtube.com/watch?v=VQlXOOugWXk
FC4soCjxSOQ.mp4,FC4soCjxSOQ,https://www.youtube.com/watch?v=FC4soCjxSOQ
gaPKKAbzmD0.mp4,gaPKKAbzmD0,https://www.youtube.com/watch?v=gaPKKAbzmD0
UJJqmtx9_co.mp4,UJJqmtx9_co,https://www.youtube.com/watch?v=UJJqmtx9_co
lRiPRe0Di2Q.mp4,lRiPRe0Di2Q,https://www.youtube.com/watch?v=lRiPRe0Di2Q
Mtev28BjTZw.mp4,Mtev28BjTZw,https://www.youtube.com/watch?v=Mtev28BjTZw
zME-84Vwjuo.mp4,zME-84Vwjuo,https://www.youtube.com/watch?v=zME-84Vwjuo
Ca7lWoSDkKY.mp4,Ca7lWoSDkKY,https://www.youtube.com/watch?v=Ca7lWoSDkKY
XTz5312DfIE.mp4,XTz5312DfIE,https://www.youtube.com/watch?v=XTz5312DfIE
KhGNzPRsCO0.mp4,KhGNzPRsCO0,https://www.youtube.com/watch?v=KhGNzPRsCO0
8UM_Ykh_7FU.mp4,8UM_Ykh_7FU,https://www.youtube.com/watch?v=8UM_Ykh_7FU
rUiSetIuQAU.mp4,rUiSetIuQAU,https://www.youtube.com/watch?v=rUiSetIuQAU
zr5uN32mkhU.mp4,zr5uN32mkhU,https://www.youtube.com/watch?v=zr5uN32mkhU
tt9PqYkFcVw.mp4,tt9PqYkFcVw,https://www.youtube.com/watch?v=tt9PqYkFcVw
g8rkSG62OiQ.mp4,g8rkSG62OiQ,https://www.youtube.com/watch?v=g8rkSG62OiQ
xYjicqjVbbg.mp4,xYjicqjVbbg,https://www.youtube.com/watch?v=xYjicqjVbbg
EdttUv_lvcM.mp4,EdttUv_lvcM,https://www.youtube.com/watch?v=EdttUv_lvcM
TRJLshgHuvQ.mp4,TRJLshgHuvQ,https://www.youtube.com/watch?v=TRJLshgHuvQ
SBbxqOw3eH0.mp4,SBbxqOw3eH0,https://www.youtube.com/watch?v=SBbxqOw3eH0
OcwSWkbuC1I.mp4,OcwSWkbuC1I,https://www.youtube.com/watch?v=OcwSWkbuC1I
IiEE2Tdx_cU.mp4,IiEE2Tdx_cU,https://www.youtube.com/watch?v=IiEE2Tdx_cU
Mzs8J31v8sw.mp4,Mzs8J31v8sw,https://www.youtube.com/watch?v=Mzs8J31v8sw
wQ_gm1d17R4.mp4,wQ_gm1d17R4,https://www.youtube.com/watch?v=wQ_gm1d17R4
JRGJ5m3VHXo.mp4,JRGJ5m3VHXo,https://www.youtube.com/watch?v=JRGJ5m3VHXo
rVBbosPxJ_g.mp4,rVBbosPxJ_g,https://www.youtube.com/watch?v=rVBbosPxJ_g
OSie2SsVXqQ.mp4,OSie2SsVXqQ,https://www.youtube.com/watch?v=OSie2SsVXqQ
DrCHFJpoxes.mp4,DrCHFJpoxes,https://www.youtube.com/watch?v=DrCHFJpoxes
EYCVYcbgCGc.mp4,EYCVYcbgCGc,https://www.youtube.com/watch?v=EYCVYcbgCGc
BTx1vELv7zU.mp4,BTx1vELv7zU,https://www.youtube.com/watch?v=BTx1vELv7zU
d554SXwdTRA.mp4,d554SXwdTRA,https://www.youtube.com/watch?v=d554SXwdTRA
5vs2d4jWeIA.mp4,5vs2d4jWeIA,https://www.youtube.com/watch?v=5vs2d4jWeIA
uLVDBifWbAg.mp4,uLVDBifWbAg,https://www.youtube.com/watch?v=uLVDBifWbAg
wrxcjvlGVbI.mp4,wrxcjvlGVbI,https://www.youtube.com/watch?v=wrxcjvlGVbI
I0TmBsHaGmI.mp4,I0TmBsHaGmI,https://www.youtube.com/watch?v=I0TmBsHaGmI
OHfMUxOQNME.mp4,OHfMUxOQNME,https://www.youtube.com/watch?v=OHfMUxOQNME
tjWK4SQx59U.mp4,tjWK4SQx59U,https://www.youtube.com/watch?v=tjWK4SQx59U
e_Fc6sRPLJw.mp4,e_Fc6sRPLJw,https://www.youtube.com/watch?v=e_Fc6sRPLJw
9xXdF2CIHbc.mp4,9xXdF2CIHbc,https://www.youtube.com/watch?v=9xXdF2CIHbc
y76xQkQrFoM.mp4,y76xQkQrFoM,https://www.youtube.com/watch?v=y76xQkQrFoM
KYWEZiSAXQA.mp4,KYWEZiSAXQA,https://www.youtube.com/watch?v=KYWEZiSAXQA
qTrY3lJwxQk.mp4,qTrY3lJwxQk,https://www.youtube.com/watch?v=qTrY3lJwxQk
xsLE6omC_5k.mp4,xsLE6omC_5k,https://www.youtube.com/watch?v=xsLE6omC_5k
bRfAUGMKlnk.mp4,bRfAUGMKlnk,https://www.youtube.com/watch?v=bRfAUGMKlnk
qb7shu_sdQ0.mp4,qb7shu_sdQ0,https://www.youtube.com/watch?v=qb7shu_sdQ0
nTpdlwa9rLE.mp4,nTpdlwa9rLE,https://www.youtube.com/watch?v=nTpdlwa9rLE
wgKuhGi1eJY.mp4,wgKuhGi1eJY,https://www.youtube.com/watch?v=wgKuhGi1eJY
OiW2LurRKxQ.mp4,OiW2LurRKxQ,https://www.youtube.com/watch?v=OiW2LurRKxQ
auISvRDHo3g.mp4,auISvRDHo3g,https://www.youtube.com/watch?v=auISvRDHo3g
6n9ZsHSc4YA.mp4,6n9ZsHSc4YA,https://www.youtube.com/watch?v=6n9ZsHSc4YA
ZNAONc3wqCo.mp4,ZNAONc3wqCo,https://www.youtube.com/watch?v=ZNAONc3wqCo
yuXzAh4slNw.mp4,yuXzAh4slNw,https://www.youtube.com/watch?v=yuXzAh4slNw
dExSGsWITEY.mp4,dExSGsWITEY,https://www.youtube.com/watch?v=dExSGsWITEY
yYD1j4VdAJ0.mp4,yYD1j4VdAJ0,https://www.youtube.com/watch?v=yYD1j4VdAJ0
dOz80AFKR9s.mp4,dOz80AFKR9s,https://www.youtube.com/watch?v=dOz80AFKR9s
PYK8gt0FVfg.mp4,PYK8gt0FVfg,https://www.youtube.com/watch?v=PYK8gt0FVfg
499bYzpQk6E.mp4,499bYzpQk6E,https://www.youtube.com/watch?v=499bYzpQk6E
pxI82xaEZDA.mp4,pxI82xaEZDA,https://www.youtube.com/watch?v=pxI82xaEZDA
dKcZG8dR0Ng.mp4,dKcZG8dR0Ng,https://www.youtube.com/watch?v=dKcZG8dR0Ng
Qh1vq66ZqPw.mp4,Qh1vq66ZqPw,https://www.youtube.com/watch?v=Qh1vq66ZqPw
1PrlxKPk6rk.mp4,1PrlxKPk6rk,https://www.youtube.com/watch?v=1PrlxKPk6rk
WNxAz17x1n8.mp4,WNxAz17x1n8,https://www.youtube.com/watch?v=WNxAz17x1n8
D6H4YXoauuQ.mp4,D6H4YXoauuQ,https://www.youtube.com/watch?v=D6H4YXoauuQ
1PLdl6NDGDE.mp4,1PLdl6NDGDE,https://www.youtube.com/watch?v=1PLdl6NDGDE
9pVy8sRC440.mp4,9pVy8sRC440,https://www.youtube.com/watch?v=9pVy8sRC440
bVA8EPrTc1c.mp4,bVA8EPrTc1c,https://www.youtube.com/watch?v=bVA8EPrTc1c
MycbSc8KxFU.mp4,MycbSc8KxFU,https://www.youtube.com/watch?v=MycbSc8KxFU
wkDVfGrJUPM.mp4,wkDVfGrJUPM,https://www.youtube.com/watch?v=wkDVfGrJUPM
fEtieV_9vJM.mp4,fEtieV_9vJM,https://www.youtube.com/watch?v=fEtieV_9vJM
9csvnEpeSrI.mp4,9csvnEpeSrI,https://www.youtube.com/watch?v=9csvnEpeSrI
QJoHdavi1cY.mp4,QJoHdavi1cY,https://www.youtube.com/watch?v=QJoHdavi1cY
ael_7z9eYqc.mp4,ael_7z9eYqc,https://www.youtube.com/watch?v=ael_7z9eYqc
677pSwGauqs.mp4,677pSwGauqs,https://www.youtube.com/watch?v=677pSwGauqs
GLAkF_T9Xgc.mp4,GLAkF_T9Xgc,https://www.youtube.com/watch?v=GLAkF_T9Xgc
egLiksDSPWE.mp4,egLiksDSPWE,https://www.youtube.com/watch?v=egLiksDSPWE
1lJ1PACtmpQ.mp4,1lJ1PACtmpQ,https://www.youtube.com/watch?v=1lJ1PACtmpQ
m7DvF13QBvA.mp4,m7DvF13QBvA,https://www.youtube.com/watch?v=m7DvF13QBvA
Gnve311oahs.mp4,Gnve311oahs,https://www.youtube.com/watch?v=Gnve311oahs
amQpyk3yrtI.mp4,amQpyk3yrtI,https://www.youtube.com/watch?v=amQpyk3yrtI
Iyy83bYicqQ.mp4,Iyy83bYicqQ,https://www.youtube.com/watch?v=Iyy83bYicqQ
T-1-mlAGu1Y.mp4,T-1-mlAGu1Y,https://www.youtube.com/watch?v=T-1-mlAGu1Y
Z6joGL66cbQ.mp4,Z6joGL66cbQ,https://www.youtube.com/watch?v=Z6joGL66cbQ
5hu7_xIsCRg.mp4,5hu7_xIsCRg,https://www.youtube.com/watch?v=5hu7_xIsCRg
QfL2sespLnY.mp4,QfL2sespLnY,https://www.youtube.com/watch?v=QfL2sespLnY
JX1oEo4gWEI.mp4,JX1oEo4gWEI,https://www.youtube.com/watch?v=JX1oEo4gWEI
wbnFecqUS30.mp4,wbnFecqUS30,https://www.youtube.com/watch?v=wbnFecqUS30
44e12ZVh4Go.mp4,44e12ZVh4Go,https://www.youtube.com/watch?v=44e12ZVh4Go
yjpxQHrZLpw.mp4,yjpxQHrZLpw,https://www.youtube.com/watch?v=yjpxQHrZLpw
ah45VQ05qzc.mp4,ah45VQ05qzc,https://www.youtube.com/watch?v=ah45VQ05qzc
YArNt8SoK9o.mp4,YArNt8SoK9o,https://www.youtube.com/watch?v=YArNt8SoK9o
NwtBWf9AOI0.mp4,NwtBWf9AOI0,https://www.youtube.com/watch?v=NwtBWf9AOI0
TN6OxwircK4.mp4,TN6OxwircK4,https://www.youtube.com/watch?v=TN6OxwircK4
e5Jlb0jt0Mw.mp4,e5Jlb0jt0Mw,https://www.youtube.com/watch?v=e5Jlb0jt0Mw
ZNpsM3McTXs.mp4,ZNpsM3McTXs,https://www.youtube.com/watch?v=ZNpsM3McTXs
8z9BsKpCJY0.mp4,8z9BsKpCJY0,https://www.youtube.com/watch?v=8z9BsKpCJY0
vj7OjdpQduY.mp4,vj7OjdpQduY,https://www.youtube.com/watch?v=vj7OjdpQduY
BU2Ogt_BCxQ.mp4,BU2Ogt_BCxQ,https://www.youtube.com/watch?v=BU2Ogt_BCxQ
IMXgcI1q2fs.mp4,IMXgcI1q2fs,https://www.youtube.com/watch?v=IMXgcI1q2fs
FMAQvA1dB_Y.mp4,FMAQvA1dB_Y,https://www.youtube.com/watch?v=FMAQvA1dB_Y
m9vvkfRx_Mc.mp4,m9vvkfRx_Mc,https://www.youtube.com/watch?v=m9vvkfRx_Mc
GwFmk6PgmqI.mp4,GwFmk6PgmqI,https://www.youtube.com/watch?v=GwFmk6PgmqI
TXSKQzJptDI.mp4,TXSKQzJptDI,https://www.youtube.com/watch?v=TXSKQzJptDI
R8KFjSbbmsg.mp4,R8KFjSbbmsg,https://www.youtube.com/watch?v=R8KFjSbbmsg
NQTBlbx1Xjs.mp4,NQTBlbx1Xjs,https://www.youtube.com/watch?v=NQTBlbx1Xjs
5sGMNERdvCI.mp4,5sGMNERdvCI,https://www.youtube.com/watch?v=5sGMNERdvCI
0MjsEvN3VOs.mp4,0MjsEvN3VOs,https://www.youtube.com/watch?v=0MjsEvN3VOs
0DWCpNffhyw.mp4,0DWCpNffhyw,https://www.youtube.com/watch?v=0DWCpNffhyw
ZvLFz1KSYMA.mp4,ZvLFz1KSYMA,https://www.youtube.com/watch?v=ZvLFz1KSYMA
YjPAG6V65qI.mp4,YjPAG6V65qI,https://www.youtube.com/watch?v=YjPAG6V65qI
Ha8Yu2fBe08.mp4,Ha8Yu2fBe08,https://www.youtube.com/watch?v=Ha8Yu2fBe08
2fknMwWlgRA.mp4,2fknMwWlgRA,https://www.youtube.com/watch?v=2fknMwWlgRA
IJlESA8r1_c.mp4,IJlESA8r1_c,https://www.youtube.com/watch?v=IJlESA8r1_c
cEbZszl7b4U.mp4,cEbZszl7b4U,https://www.youtube.com/watch?v=cEbZszl7b4U
VAC3qTSipNA.mp4,VAC3qTSipNA,https://www.youtube.com/watch?v=VAC3qTSipNA
P4cw70RX6ZU.mp4,P4cw70RX6ZU,https://www.youtube.com/watch?v=P4cw70RX6ZU
dXL3lJU9mZU.mp4,dXL3lJU9mZU,https://www.youtube.com/watch?v=dXL3lJU9mZU
47BsMx70O4g.mp4,47BsMx70O4g,https://www.youtube.com/watch?v=47BsMx70O4g
dEgmTCWG_w8.mp4,dEgmTCWG_w8,https://www.youtube.com/watch?v=dEgmTCWG_w8
2PFT4KHWsWQ.mp4,2PFT4KHWsWQ,https://www.youtube.com/watch?v=2PFT4KHWsWQ
uDleplCpc5E.mp4,uDleplCpc5E,https://www.youtube.com/watch?v=uDleplCpc5E
dYs0RKNIMKM.mp4,dYs0RKNIMKM,https://www.youtube.com/watch?v=dYs0RKNIMKM
hFym7etOfaQ.mp4,hFym7etOfaQ,https://www.youtube.com/watch?v=hFym7etOfaQ
i4SZ8AezUgs.mp4,i4SZ8AezUgs,https://www.youtube.com/watch?v=i4SZ8AezUgs
a4d1aNnd4Hw.mp4,a4d1aNnd4Hw,https://www.youtube.com/watch?v=a4d1aNnd4Hw
mCIDZ9DsaKU.mp4,mCIDZ9DsaKU,https://www.youtube.com/watch?v=mCIDZ9DsaKU
Cv4yeHoJ9Wg.mp4,Cv4yeHoJ9Wg,https://www.youtube.com/watch?v=Cv4yeHoJ9Wg
xrdOjQi4FB0.mp4,xrdOjQi4FB0,https://www.youtube.com/watch?v=xrdOjQi4FB0
naV4Vmc5gIc.mp4,naV4Vmc5gIc,https://www.youtube.com/watch?v=naV4Vmc5gIc
AVy8EyjKsa0.mp4,AVy8EyjKsa0,https://www.youtube.com/watch?v=AVy8EyjKsa0
7z0kzYpuqhw.mp4,7z0kzYpuqhw,https://www.youtube.com/watch?v=7z0kzYpuqhw
RzW9UUmImVA.mp4,RzW9UUmImVA,https://www.youtube.com/watch?v=RzW9UUmImVA
TSsfvGOPFy4.mp4,TSsfvGOPFy4,https://www.youtube.com/watch?v=TSsfvGOPFy4
s7G6-ol1GsM.mp4,s7G6-ol1GsM,https://www.youtube.com/watch?v=s7G6-ol1GsM
ODffu1oJxww.mp4,ODffu1oJxww,https://www.youtube.com/watch?v=ODffu1oJxww
yS8OQpI_9f0.mp4,yS8OQpI_9f0,https://www.youtube.com/watch?v=yS8OQpI_9f0
G4Ej9_-CHYI.mp4,G4Ej9_-CHYI,https://www.youtube.com/watch?v=G4Ej9_-CHYI
gBeVFBjMECk.mp4,gBeVFBjMECk,https://www.youtube.com/watch?v=gBeVFBjMECk
MNS68IyfKvs.mp4,MNS68IyfKvs,https://www.youtube.com/watch?v=MNS68IyfKvs
vxIzke8IISQ.mp4,vxIzke8IISQ,https://www.youtube.com/watch?v=vxIzke8IISQ
oPVmd6MSE58.mp4,oPVmd6MSE58,https://www.youtube.com/watch?v=oPVmd6MSE58
BKxnX3-yvng.mp4,BKxnX3-yvng,https://www.youtube.com/watch?v=BKxnX3-yvng
UTzUtW3qs7M.mp4,UTzUtW3qs7M,https://www.youtube.com/watch?v=UTzUtW3qs7M
Q7gYIQQQuTo.mp4,Q7gYIQQQuTo,https://www.youtube.com/watch?v=Q7gYIQQQuTo
nX4d2mxwCS8.mp4,nX4d2mxwCS8,https://www.youtube.com/watch?v=nX4d2mxwCS8
Xmbl7GcGxwI.mp4,Xmbl7GcGxwI,https://www.youtube.com/watch?v=Xmbl7GcGxwI
Imz6M1-X11U.mp4,Imz6M1-X11U,https://www.youtube.com/watch?v=Imz6M1-X11U
6xeuAavcCGQ.mp4,6xeuAavcCGQ,https://www.youtube.com/watch?v=6xeuAavcCGQ
QjEfy54R3mc.mp4,QjEfy54R3mc,https://www.youtube.com/watch?v=QjEfy54R3mc
9TDDvTYNRfM.mp4,9TDDvTYNRfM,https://www.youtube.com/watch?v=9TDDvTYNRfM
eBI8q48vsEw.mp4,eBI8q48vsEw,https://www.youtube.com/watch?v=eBI8q48vsEw
ywfDfNnHCqI.mp4,ywfDfNnHCqI,https://www.youtube.com/watch?v=ywfDfNnHCqI
A8zT1-U2Zlo.mp4,A8zT1-U2Zlo,https://www.youtube.com/watch?v=A8zT1-U2Zlo
Vo9IJ5Ijr-8.mp4,Vo9IJ5Ijr-8,https://www.youtube.com/watch?v=Vo9IJ5Ijr-8
syXd7kgLSN8.mp4,syXd7kgLSN8,https://www.youtube.com/watch?v=syXd7kgLSN8
96Mx6vfxeDw.mp4,96Mx6vfxeDw,https://www.youtube.com/watch?v=96Mx6vfxeDw
0GHoKSBGbUg.mp4,0GHoKSBGbUg,https://www.youtube.com/watch?v=0GHoKSBGbUg
l411tsjqAms.mp4,l411tsjqAms,https://www.youtube.com/watch?v=l411tsjqAms
Cod9ooCXeIQ.mp4,Cod9ooCXeIQ,https://www.youtube.com/watch?v=Cod9ooCXeIQ
pVwxUVlQ7YM.mp4,pVwxUVlQ7YM,https://www.youtube.com/watch?v=pVwxUVlQ7YM
vZF4bSwN99M.mp4,vZF4bSwN99M,https://www.youtube.com/watch?v=vZF4bSwN99M
Y3zKRHzccMk.mp4,Y3zKRHzccMk,https://www.youtube.com/watch?v=Y3zKRHzccMk
RN81h85V6D4.mp4,RN81h85V6D4,https://www.youtube.com/watch?v=RN81h85V6D4
g9PUixw6wTo.mp4,g9PUixw6wTo,https://www.youtube.com/watch?v=g9PUixw6wTo
UaU97wfJOp0.mp4,UaU97wfJOp0,https://www.youtube.com/watch?v=UaU97wfJOp0
PhbuuOYrTp4.mp4,PhbuuOYrTp4,https://www.youtube.com/watch?v=PhbuuOYrTp4
ykmjMWwrseE.mp4,ykmjMWwrseE,https://www.youtube.com/watch?v=ykmjMWwrseE
Gu52tFllR8I.mp4,Gu52tFllR8I,https://www.youtube.com/watch?v=Gu52tFllR8I
WkxbRfvOn6k.mp4,WkxbRfvOn6k,https://www.youtube.com/watch?v=WkxbRfvOn6k
I5xas0lq6_4.mp4,I5xas0lq6_4,https://www.youtube.com/watch?v=I5xas0lq6_4
PsKRLJOj1pg.mp4,PsKRLJOj1pg,https://www.youtube.com/watch?v=PsKRLJOj1pg
Icr7xADIoas.mp4,Icr7xADIoas,https://www.youtube.com/watch?v=Icr7xADIoas
Xaw8DsF2Igc.mp4,Xaw8DsF2Igc,https://www.youtube.com/watch?v=Xaw8DsF2Igc
uCbgQzrg9fI.mp4,uCbgQzrg9fI,https://www.youtube.com/watch?v=uCbgQzrg9fI
RK2IfGPSqO0.mp4,RK2IfGPSqO0,https://www.youtube.com/watch?v=RK2IfGPSqO0
U4Nx69IOFwY.mp4,U4Nx69IOFwY,https://www.youtube.com/watch?v=U4Nx69IOFwY
PuJrPf_aado.mp4,PuJrPf_aado,https://www.youtube.com/watch?v=PuJrPf_aado
v5Asgg1Orzc.mp4,v5Asgg1Orzc,https://www.youtube.com/watch?v=v5Asgg1Orzc
MnxO48joRZQ.mp4,MnxO48joRZQ,https://www.youtube.com/watch?v=MnxO48joRZQ
RSRINT0ygiE.mp4,RSRINT0ygiE,https://www.youtube.com/watch?v=RSRINT0ygiE
tZMnLNo8-QY.mp4,tZMnLNo8-QY,https://www.youtube.com/watch?v=tZMnLNo8-QY
KVxpmTx8iqU.mp4,KVxpmTx8iqU,https://www.youtube.com/watch?v=KVxpmTx8iqU
w1ncGjHExmk.mp4,w1ncGjHExmk,https://www.youtube.com/watch?v=w1ncGjHExmk
sHP0UIdZyI4.mp4,sHP0UIdZyI4,https://www.youtube.com/watch?v=sHP0UIdZyI4
GoXxmzKdick.mp4,GoXxmzKdick,https://www.youtube.com/watch?v=GoXxmzKdick
iv4mrCE6Tgg.mp4,iv4mrCE6Tgg,https://www.youtube.com/watch?v=iv4mrCE6Tgg
MyDu0MjWrHM.mp4,MyDu0MjWrHM,https://www.youtube.com/watch?v=MyDu0MjWrHM
yb1FBExhalk.mp4,yb1FBExhalk,https://www.youtube.com/watch?v=yb1FBExhalk
xzNMABRELPg.mp4,xzNMABRELPg,https://www.youtube.com/watch?v=xzNMABRELPg
ZqaPZ3ST1AY.mp4,ZqaPZ3ST1AY,https://www.youtube.com/watch?v=ZqaPZ3ST1AY
C50nh43Qkso.mp4,C50nh43Qkso,https://www.youtube.com/watch?v=C50nh43Qkso
aiEHFqJTjXs.mp4,aiEHFqJTjXs,https://www.youtube.com/watch?v=aiEHFqJTjXs
bvS7gnEkoxE.mp4,bvS7gnEkoxE,https://www.youtube.com/watch?v=bvS7gnEkoxE
ZpFE1Qm2kJQ.mp4,ZpFE1Qm2kJQ,https://www.youtube.com/watch?v=ZpFE1Qm2kJQ
Wy6xtIRAVAY.mp4,Wy6xtIRAVAY,https://www.youtube.com/watch?v=Wy6xtIRAVAY
HYDUZW_xgzE.mp4,HYDUZW_xgzE,https://www.youtube.com/watch?v=HYDUZW_xgzE
jgGdQkXJENA.mp4,jgGdQkXJENA,https://www.youtube.com/watch?v=jgGdQkXJENA
pBVAnaHxHbM.mp4,pBVAnaHxHbM,https://www.youtube.com/watch?v=pBVAnaHxHbM
6xCaTD3Hpj0.mp4,6xCaTD3Hpj0,https://www.youtube.com/watch?v=6xCaTD3Hpj0
ltYvcxYpiPw.mp4,ltYvcxYpiPw,https://www.youtube.com/watch?v=ltYvcxYpiPw
5fGIT1pwcbE.mp4,5fGIT1pwcbE,https://www.youtube.com/watch?v=5fGIT1pwcbE
SyUd0G2-PEo.mp4,SyUd0G2-PEo,https://www.youtube.com/watch?v=SyUd0G2-PEo
Qiyd3HXX240.mp4,Qiyd3HXX240,https://www.youtube.com/watch?v=Qiyd3HXX240
bBUbfLHK3oI.mp4,bBUbfLHK3oI,https://www.youtube.com/watch?v=bBUbfLHK3oI
ip7kKPNLN00.mp4,ip7kKPNLN00,https://www.youtube.com/watch?v=ip7kKPNLN00
ozeibtfCLAM.mp4,ozeibtfCLAM,https://www.youtube.com/watch?v=ozeibtfCLAM
4XWbBTwAsUM.mp4,4XWbBTwAsUM,https://www.youtube.com/watch?v=4XWbBTwAsUM
1HLMyijbn_E.mp4,1HLMyijbn_E,https://www.youtube.com/watch?v=1HLMyijbn_E
Xj1nUFFVK1E.mp4,Xj1nUFFVK1E,https://www.youtube.com/watch?v=Xj1nUFFVK1E
tcsWEhm0Bcs.mp4,tcsWEhm0Bcs,https://www.youtube.com/watch?v=tcsWEhm0Bcs
OOJqHPfG7pA.mp4,OOJqHPfG7pA,https://www.youtube.com/watch?v=OOJqHPfG7pA
o74nLLD7YCY.mp4,o74nLLD7YCY,https://www.youtube.com/watch?v=o74nLLD7YCY
kO9W9DtMFik.mp4,kO9W9DtMFik,https://www.youtube.com/watch?v=kO9W9DtMFik
Hq6A1oHd_U8.mp4,Hq6A1oHd_U8,https://www.youtube.com/watch?v=Hq6A1oHd_U8
OSAuyLlJStw.mp4,OSAuyLlJStw,https://www.youtube.com/watch?v=OSAuyLlJStw
czlICtpYvAU.mp4,czlICtpYvAU,https://www.youtube.com/watch?v=czlICtpYvAU
sFiy4kvRcSs.mp4,sFiy4kvRcSs,https://www.youtube.com/watch?v=sFiy4kvRcSs
0Qgrf42mGZ0.mp4,0Qgrf42mGZ0,https://www.youtube.com/watch?v=0Qgrf42mGZ0
czq2z3NgxpM.mp4,czq2z3NgxpM,https://www.youtube.com/watch?v=czq2z3NgxpM
h1kDzqpDlY0.mp4,h1kDzqpDlY0,https://www.youtube.com/watch?v=h1kDzqpDlY0
cytI7bb9hX0.mp4,cytI7bb9hX0,https://www.youtube.com/watch?v=cytI7bb9hX0
LfpbRQIa_Zo.mp4,LfpbRQIa_Zo,https://www.youtube.com/watch?v=LfpbRQIa_Zo
arneFa08tlU.mp4,arneFa08tlU,https://www.youtube.com/watch?v=arneFa08tlU
CVvGvoMRUhk.mp4,CVvGvoMRUhk,https://www.youtube.com/watch?v=CVvGvoMRUhk
IdeHSkDCm58.mp4,IdeHSkDCm58,https://www.youtube.com/watch?v=IdeHSkDCm58
PtpQQdtggIU.mp4,PtpQQdtggIU,https://www.youtube.com/watch?v=PtpQQdtggIU
VIZouD5qaLM.mp4,VIZouD5qaLM,https://www.youtube.com/watch?v=VIZouD5qaLM
PQ3HSg2H1qU.mp4,PQ3HSg2H1qU,https://www.youtube.com/watch?v=PQ3HSg2H1qU
mDRKT4JrBAM.mp4,mDRKT4JrBAM,https://www.youtube.com/watch?v=mDRKT4JrBAM
DaF8TvBZYjE.mp4,DaF8TvBZYjE,https://www.youtube.com/watch?v=DaF8TvBZYjE
U_5igBy5L3s.mp4,U_5igBy5L3s,https://www.youtube.com/watch?v=U_5igBy5L3s
84vGICi0Gt0.mp4,84vGICi0Gt0,https://www.youtube.com/watch?v=84vGICi0Gt0
Qa7ixw01OiU.mp4,Qa7ixw01OiU,https://www.youtube.com/watch?v=Qa7ixw01OiU
5LR1liT22uo.mp4,5LR1liT22uo,https://www.youtube.com/watch?v=5LR1liT22uo
LbrSZXqLUok.mp4,LbrSZXqLUok,https://www.youtube.com/watch?v=LbrSZXqLUok