id,YouTube Link
elJuUGruxOU,https://www.youtube.com/watch?v=elJuUGruxOU
nMLRpJDXR-4,https://www.youtube.com/watch?v=nMLRpJDXR-4
cdNfI0UY4Vc,https://www.youtube.com/watch?v=cdNfI0UY4Vc
1EgwmPBxNls,https://www.youtube.com/watch?v=1EgwmPBxNls
F8wJay49uHc,https://www.youtube.com/watch?v=F8wJay49uHc
1Ow0kQrUIu0,https://www.youtube.com/watch?v=1Ow0kQrUIu0
K5aOxEiw2Yw,https://www.youtube.com/watch?v=K5aOxEiw2Yw
fWqtOhe3_EQ,https://www.youtube.com/watch?v=fWqtOhe3_EQ
rfpZGGFpNwo,https://www.youtube.com/watch?v=rfpZGGFpNwo
eKLqFnAmK6c,https://www.youtube.com/watch?v=eKLqFnAmK6c
m2f-wY0C_1Q,https://www.youtube.com/watch?v=m2f-wY0C_1Q
evTPyEHDjj4,https://www.youtube.com/watch?v=evTPyEHDjj4
SExZiM3DQDw,https://www.youtube.com/watch?v=SExZiM3DQDw
VBraB8Oe9Fk,https://www.youtube.com/watch?v=VBraB8Oe9Fk
7FMHGZDpRDs,https://www.youtube.com/watch?v=7FMHGZDpRDs
ERjaPPoG-rA,https://www.youtube.com/watch?v=ERjaPPoG-rA
gtJIwWG7eEs,https://www.youtube.com/watch?v=gtJIwWG7eEs
UgOAqL6IhlA,https://www.youtube.com/watch?v=UgOAqL6IhlA
ayFwQuUD6kM,https://www.youtube.com/watch?v=ayFwQuUD6kM
VijuY8YAoc8,https://www.youtube.com/watch?v=VijuY8YAoc8
QqNOlH49vvk,https://www.youtube.com/watch?v=QqNOlH49vvk
3I8q4kF4TVM,https://www.youtube.com/watch?v=3I8q4kF4TVM
0bQEos0fNMY,https://www.youtube.com/watch?v=0bQEos0fNMY
wdnX0Rfa_tg,https://www.youtube.com/watch?v=wdnX0Rfa_tg
ZRJKXesbR2A,https://www.youtube.com/watch?v=ZRJKXesbR2A
V5eVbt9uPLo,https://www.youtube.com/watch?v=V5eVbt9uPLo
ZWyLzlYuucs,https://www.youtube.com/watch?v=ZWyLzlYuucs
MQoz8DDExIQ,https://www.youtube.com/watch?v=MQoz8DDExIQ
6oGu4Dc3Cbs,https://www.youtube.com/watch?v=6oGu4Dc3Cbs
_G0IY6_qBxg,https://www.youtube.com/watch?v=_G0IY6_qBxg
ZzyjY3ic3OM,https://www.youtube.com/watch?v=ZzyjY3ic3OM
8iXxVdLnbvk,https://www.youtube.com/watch?v=8iXxVdLnbvk
4ijW7ljg3OQ,https://www.youtube.com/watch?v=4ijW7ljg3OQ
ytIUHr26hsw,https://www.youtube.com/watch?v=ytIUHr26hsw
z15vrEL-Px8,https://www.youtube.com/watch?v=z15vrEL-Px8
XJtv8Ik1K7Q,https://www.youtube.com/watch?v=XJtv8Ik1K7Q
WWbeQCUh418,https://www.youtube.com/watch?v=WWbeQCUh418
toV3Wj63IvA,https://www.youtube.com/watch?v=toV3Wj63IvA
k8a5Phx2xSM,https://www.youtube.com/watch?v=k8a5Phx2xSM
6nJyJlE9iQ8,https://www.youtube.com/watch?v=6nJyJlE9iQ8
mgFHUHVIx70,https://www.youtube.com/watch?v=mgFHUHVIx70
6Q0uzLcbrWY,https://www.youtube.com/watch?v=6Q0uzLcbrWY
AxwYW_8rxUQ,https://www.youtube.com/watch?v=AxwYW_8rxUQ
d7BzuMO76ss,https://www.youtube.com/watch?v=d7BzuMO76ss
Z7-XLtCXqg4,https://www.youtube.com/watch?v=Z7-XLtCXqg4
sW0nH948m9E,https://www.youtube.com/watch?v=sW0nH948m9E
hKA6oK6t62w,https://www.youtube.com/watch?v=hKA6oK6t62w
UgZFWWG9yTs,https://www.youtube.com/watch?v=UgZFWWG9yTs
y78xKTf6ANo,https://www.youtube.com/watch?v=y78xKTf6ANo
TLHz1KNkSS4,https://www.youtube.com/watch?v=TLHz1KNkSS4
SNS4uE3e_0o,https://www.youtube.com/watch?v=SNS4uE3e_0o
pMtnDE7sD3g,https://www.youtube.com/watch?v=pMtnDE7sD3g
1H5vuQzp4As,https://www.youtube.com/watch?v=1H5vuQzp4As
wmeZXlVObTw,https://www.youtube.com/watch?v=wmeZXlVObTw
4Kj-Ac3dAPk,https://www.youtube.com/watch?v=4Kj-Ac3dAPk
N69c7em74Y0,https://www.youtube.com/watch?v=N69c7em74Y0
K5JL3c7kdxU,https://www.youtube.com/watch?v=K5JL3c7kdxU
ZeFr6Uc75-Q,https://www.youtube.com/watch?v=ZeFr6Uc75-Q
w_5Gvj8w4s8,https://www.youtube.com/watch?v=w_5Gvj8w4s8
MlPkZoM_eX0,https://www.youtube.com/watch?v=MlPkZoM_eX0
B_z0hBtK1Ns,https://www.youtube.com/watch?v=B_z0hBtK1Ns
0C0Z5qjpRxU,https://www.youtube.com/watch?v=0C0Z5qjpRxU
pdhuw8tMzSI,https://www.youtube.com/watch?v=pdhuw8tMzSI
HxUzOkXVIzM,https://www.youtube.com/watch?v=HxUzOkXVIzM
MdiI6-_kj-w,https://www.youtube.com/watch?v=MdiI6-_kj-w
yc1AxrrXLJ0,https://www.youtube.com/watch?v=yc1AxrrXLJ0
a5vdu5L9pu8,https://www.youtube.com/watch?v=a5vdu5L9pu8
J2sto4h8ok8,https://www.youtube.com/watch?v=J2sto4h8ok8
Q5Zo2WaHV7c,https://www.youtube.com/watch?v=Q5Zo2WaHV7c
WQFN5LCXHZ8,https://www.youtube.com/watch?v=WQFN5LCXHZ8
SWd7onzmAPo,https://www.youtube.com/watch?v=SWd7onzmAPo
3XUlRmB9wFM,https://www.youtube.com/watch?v=3XUlRmB9wFM
TN8jb7Gfsoc,https://www.youtube.com/watch?v=TN8jb7Gfsoc
lq40QXTR4IY,https://www.youtube.com/watch?v=lq40QXTR4IY
9WEDuGXU-T4,https://www.youtube.com/watch?v=9WEDuGXU-T4
JoP3x17jeyc,https://www.youtube.com/watch?v=JoP3x17jeyc
A6v-y6hr4EQ,https://www.youtube.com/watch?v=A6v-y6hr4EQ
aZKrYLBArvo,https://www.youtube.com/watch?v=aZKrYLBArvo
VUx2ktLqJ3E,https://www.youtube.com/watch?v=VUx2ktLqJ3E
WyO2E6TMJ54,https://www.youtube.com/watch?v=WyO2E6TMJ54
zW0m4zsZkxw,https://www.youtube.com/watch?v=zW0m4zsZkxw
zD_lhi1eaQI,https://www.youtube.com/watch?v=zD_lhi1eaQI
40nTTLaWjG0,https://www.youtube.com/watch?v=40nTTLaWjG0
ERb5OT__bvE,https://www.youtube.com/watch?v=ERb5OT__bvE
Wb0bFGXwdVs,https://www.youtube.com/watch?v=Wb0bFGXwdVs
IT_KqaPHPkM,https://www.youtube.com/watch?v=IT_KqaPHPkM
kNCEbDurCRk,https://www.youtube.com/watch?v=kNCEbDurCRk
Ch6eGrwtLxc,https://www.youtube.com/watch?v=Ch6eGrwtLxc
xCmnWsAqMlw,https://www.youtube.com/watch?v=xCmnWsAqMlw
g78t1jzFvZo,https://www.youtube.com/watch?v=g78t1jzFvZo
v-H0rfJ6caY,https://www.youtube.com/watch?v=v-H0rfJ6caY
nnLCEKe9_CQ,https://www.youtube.com/watch?v=nnLCEKe9_CQ
at8_-af-Zzk,https://www.youtube.com/watch?v=at8_-af-Zzk
iefghc2g91M,https://www.youtube.com/watch?v=iefghc2g91M
7POaUmrHVpA,https://www.youtube.com/watch?v=7POaUmrHVpA
T7MyLvn2roE,https://www.youtube.com/watch?v=T7MyLvn2roE
h4-qkYKuXY8,https://www.youtube.com/watch?v=h4-qkYKuXY8
CjQoe2FtBwg,https://www.youtube.com/watch?v=CjQoe2FtBwg
OKk4PANNOnw,https://www.youtube.com/watch?v=OKk4PANNOnw
z90npBXTRhM,https://www.youtube.com/watch?v=z90npBXTRhM
t235DBa-93M,https://www.youtube.com/watch?v=t235DBa-93M
JMApMBY0CfQ,https://www.youtube.com/watch?v=JMApMBY0CfQ
671r8qc49g0,https://www.youtube.com/watch?v=671r8qc49g0
WaYEL4lM0HM,https://www.youtube.com/watch?v=WaYEL4lM0HM
WtJO4qGUIzQ,https://www.youtube.com/watch?v=WtJO4qGUIzQ
u3jTjYkhtSg,https://www.youtube.com/watch?v=u3jTjYkhtSg
KejZtxIytjw,https://www.youtube.com/watch?v=KejZtxIytjw
sc-o9tHBSBI,https://www.youtube.com/watch?v=sc-o9tHBSBI
IoVqQrRlu6g,https://www.youtube.com/watch?v=IoVqQrRlu6g
BlpTC0tYpS0,https://www.youtube.com/watch?v=BlpTC0tYpS0
tL_9Gnz01Kw,https://www.youtube.com/watch?v=tL_9Gnz01Kw
GyO3umGC1Mo,https://www.youtube.com/watch?v=GyO3umGC1Mo
CHMl3PP8LJA,https://www.youtube.com/watch?v=CHMl3PP8LJA
8qgkfE9PwLs,https://www.youtube.com/watch?v=8qgkfE9PwLs
k9Q6wtyQ1r4,https://www.youtube.com/watch?v=k9Q6wtyQ1r4
bEE9wsRym90,https://www.youtube.com/watch?v=bEE9wsRym90
ACiv8N8e13E,https://www.youtube.com/watch?v=ACiv8N8e13E
a28oRPUcxJg,https://www.youtube.com/watch?v=a28oRPUcxJg
BVocXp-CYHU,https://www.youtube.com/watch?v=BVocXp-CYHU
bwzldXitfEA,https://www.youtube.com/watch?v=bwzldXitfEA
0A8hA6ocayc,https://www.youtube.com/watch?v=0A8hA6ocayc
ijpFaptEGN8,https://www.youtube.com/watch?v=ijpFaptEGN8
PWN4uZSWZ9U,https://www.youtube.com/watch?v=PWN4uZSWZ9U
r07483YaQEA,https://www.youtube.com/watch?v=r07483YaQEA
j9vHsuAxTOU,https://www.youtube.com/watch?v=j9vHsuAxTOU
2ML78wLmVaA,https://www.youtube.com/watch?v=2ML78wLmVaA
skkjTKB65G0,https://www.youtube.com/watch?v=skkjTKB65G0
PEOrm_mLqKo,https://www.youtube.com/watch?v=PEOrm_mLqKo
zHCzI8Ag3Nc,https://www.youtube.com/watch?v=zHCzI8Ag3Nc
ir4O7Z9d944,https://www.youtube.com/watch?v=ir4O7Z9d944
k41P0QUGUpo,https://www.youtube.com/watch?v=k41P0QUGUpo
K1BUhr3CLmk,https://www.youtube.com/watch?v=K1BUhr3CLmk
3RixOZumXss,https://www.youtube.com/watch?v=3RixOZumXss
pJDpth8IZxg,https://www.youtube.com/watch?v=pJDpth8IZxg
hw_6GasJdEo,https://www.youtube.com/watch?v=hw_6GasJdEo
zFdT3otYVL4,https://www.youtube.com/watch?v=zFdT3otYVL4
j3rLNol3wpY,https://www.youtube.com/watch?v=j3rLNol3wpY
TlMHy1zwW1w,https://www.youtube.com/watch?v=TlMHy1zwW1w
p9uOPQbSbZo,https://www.youtube.com/watch?v=p9uOPQbSbZo
yAo9UHvPZ3A,https://www.youtube.com/watch?v=yAo9UHvPZ3A
I02XUD3AnQU,https://www.youtube.com/watch?v=I02XUD3AnQU
QUUMvfkDvEY,https://www.youtube.com/watch?v=QUUMvfkDvEY
pMPLnrGj-qA,https://www.youtube.com/watch?v=pMPLnrGj-qA
7HgEAHlRjYU,https://www.youtube.com/watch?v=7HgEAHlRjYU
bQ0Ee2z7Yyk,https://www.youtube.com/watch?v=bQ0Ee2z7Yyk
ARXTIFnXL5o,https://www.youtube.com/watch?v=ARXTIFnXL5o
9Bthhyge3FY,https://www.youtube.com/watch?v=9Bthhyge3FY
hrpFlnSLBW8,https://www.youtube.com/watch?v=hrpFlnSLBW8
X-jEhE10ZfY,https://www.youtube.com/watch?v=X-jEhE10ZfY
aluv5CnAn0w,https://www.youtube.com/watch?v=aluv5CnAn0w
j0EHuBZq-L4,https://www.youtube.com/watch?v=j0EHuBZq-L4
_1dNlNxImXw,https://www.youtube.com/watch?v=_1dNlNxImXw
rljNNcsDIsQ,https://www.youtube.com/watch?v=rljNNcsDIsQ
EfXnCaaraD8,https://www.youtube.com/watch?v=EfXnCaaraD8
QSqg9MXcYs4,https://www.youtube.com/watch?v=QSqg9MXcYs4
FcO2xGaWEKk,https://www.youtube.com/watch?v=FcO2xGaWEKk
gV-hog-hKNA,https://www.youtube.com/watch?v=gV-hog-hKNA
6malJyC9xDo,https://www.youtube.com/watch?v=6malJyC9xDo
rkmHIG4EvHU,https://www.youtube.com/watch?v=rkmHIG4EvHU
ivhywrQ2mZ0,https://www.youtube.com/watch?v=ivhywrQ2mZ0
FO0pPiOzBdc,https://www.youtube.com/watch?v=FO0pPiOzBdc
w-x7yn9jdJA,https://www.youtube.com/watch?v=w-x7yn9jdJA
wpFdDyF-wBA,https://www.youtube.com/watch?v=wpFdDyF-wBA
7k377b5eUNw,https://www.youtube.com/watch?v=7k377b5eUNw
cl3FYC1hZRU,https://www.youtube.com/watch?v=cl3FYC1hZRU
rxR8jijR5QE,https://www.youtube.com/watch?v=rxR8jijR5QE
aKyRWGB6-hk,https://www.youtube.com/watch?v=aKyRWGB6-hk
M1N5Bk1dRBE,https://www.youtube.com/watch?v=M1N5Bk1dRBE
riIl1gw3JqA,https://www.youtube.com/watch?v=riIl1gw3JqA
njYZT5o6erk,https://www.youtube.com/watch?v=njYZT5o6erk
T9PE5rDp7Yc,https://www.youtube.com/watch?v=T9PE5rDp7Yc
tduN_AZGb2M,https://www.youtube.com/watch?v=tduN_AZGb2M
CeHePK3uZRY,https://www.youtube.com/watch?v=CeHePK3uZRY
C6bio5tNSTQ,https://www.youtube.com/watch?v=C6bio5tNSTQ
Evn7s-m-Ih8,https://www.youtube.com/watch?v=Evn7s-m-Ih8
B1EdPpq44U8,https://www.youtube.com/watch?v=B1EdPpq44U8
DsJEimNO180,https://www.youtube.com/watch?v=DsJEimNO180
iiNkC43e5XE,https://www.youtube.com/watch?v=iiNkC43e5XE
QkElsELu8vU,https://www.youtube.com/watch?v=QkElsELu8vU
vEtZh2Zi9TU,https://www.youtube.com/watch?v=vEtZh2Zi9TU
YpoYy53LYaM,https://www.youtube.com/watch?v=YpoYy53LYaM
OJ5UhiiXEpc,https://www.youtube.com/watch?v=OJ5UhiiXEpc
3Bbigss1IEE,https://www.youtube.com/watch?v=3Bbigss1IEE
O-stBQ1eLeM,https://www.youtube.com/watch?v=O-stBQ1eLeM
Pl8dg8Dtwwo,https://www.youtube.com/watch?v=Pl8dg8Dtwwo
y0kv8_V8BVE,https://www.youtube.com/watch?v=y0kv8_V8BVE
2OTbDQh3MxM,https://www.youtube.com/watch?v=2OTbDQh3MxM
xd1N0WOcd5A,https://www.youtube.com/watch?v=xd1N0WOcd5A
JyqWRW5fmoA,https://www.youtube.com/watch?v=JyqWRW5fmoA
9E9b1rrqbB0,https://www.youtube.com/watch?v=9E9b1rrqbB0
Eqs2HLQdLEY,https://www.youtube.com/watch?v=Eqs2HLQdLEY
ZCforeBICoo,https://www.youtube.com/watch?v=ZCforeBICoo
59KAVjx01MU,https://www.youtube.com/watch?v=59KAVjx01MU
OhuyU82FdfU,https://www.youtube.com/watch?v=OhuyU82FdfU
Osqye_Wh6pM,https://www.youtube.com/watch?v=Osqye_Wh6pM
0jL2HI_eNyg,https://www.youtube.com/watch?v=0jL2HI_eNyg
XEoBFAYtsYA,https://www.youtube.com/watch?v=XEoBFAYtsYA
7bOzURk7wp4,https://www.youtube.com/watch?v=7bOzURk7wp4
i5SlKT2qcgM,https://www.youtube.com/watch?v=i5SlKT2qcgM
zKIDzI46XZk,https://www.youtube.com/watch?v=zKIDzI46XZk
eWwKQjUyoUc,https://www.youtube.com/watch?v=eWwKQjUyoUc
GpmbwlKAQmI,https://www.youtube.com/watch?v=GpmbwlKAQmI
cJPRu_0jt74,https://www.youtube.com/watch?v=cJPRu_0jt74
HqbAYQKrCTs,https://www.youtube.com/watch?v=HqbAYQKrCTs
zbywhAIe77o,https://www.youtube.com/watch?v=zbywhAIe77o
onVV1Il1NGg,https://www.youtube.com/watch?v=onVV1Il1NGg
vYmaoEI-6EI,https://www.youtube.com/watch?v=vYmaoEI-6EI
53PawJcxrkg,https://www.youtube.com/watch?v=53PawJcxrkg
l_HweRzWmhc,https://www.youtube.com/watch?v=l_HweRzWmhc
VyPenyNdJ3U,https://www.youtube.com/watch?v=VyPenyNdJ3U
vOTAOK0nvD0,https://www.youtube.com/watch?v=vOTAOK0nvD0
BTqHfEmI5bE,https://www.youtube.com/watch?v=BTqHfEmI5bE
vapYcmWHg1o,https://www.youtube.com/watch?v=vapYcmWHg1o
uNYQvjfia6g,https://www.youtube.com/watch?v=uNYQvjfia6g
ys-4fYFOU0Y,https://www.youtube.com/watch?v=ys-4fYFOU0Y
RB361EPFlhI,https://www.youtube.com/watch?v=RB361EPFlhI
w6Dn7KRjpLs,https://www.youtube.com/watch?v=w6Dn7KRjpLs
Oic02cuJz7c,https://www.youtube.com/watch?v=Oic02cuJz7c
EUxVy2bsIac,https://www.youtube.com/watch?v=EUxVy2bsIac
p4Uzs9R9JNU,https://www.youtube.com/watch?v=p4Uzs9R9JNU
hb6F8RqfvUk,https://www.youtube.com/watch?v=hb6F8RqfvUk
7PkKZmKjGUA,https://www.youtube.com/watch?v=7PkKZmKjGUA
G53fx3Xpxpw,https://www.youtube.com/watch?v=G53fx3Xpxpw
YAVGpUbVfTE,https://www.youtube.com/watch?v=YAVGpUbVfTE
WwYsM3-i4_s,https://www.youtube.com/watch?v=WwYsM3-i4_s
fkfR9fryaiQ,https://www.youtube.com/watch?v=fkfR9fryaiQ
5Xj7YznTrG8,https://www.youtube.com/watch?v=5Xj7YznTrG8
sgDUxxBUPGI,https://www.youtube.com/watch?v=sgDUxxBUPGI
1aUlfj7Zrgw,https://www.youtube.com/watch?v=1aUlfj7Zrgw
mh90RPA-C10,https://www.youtube.com/watch?v=mh90RPA-C10
gzK0Aq62kx0,https://www.youtube.com/watch?v=gzK0Aq62kx0
GBfudj6iLiw,https://www.youtube.com/watch?v=GBfudj6iLiw
ZGa8SXNfA1U,https://www.youtube.com/watch?v=ZGa8SXNfA1U
6gzp7jGPwnY,https://www.youtube.com/watch?v=6gzp7jGPwnY
hRC37QTiZg8,https://www.youtube.com/watch?v=hRC37QTiZg8
XrO6rTXd-Nc,https://www.youtube.com/watch?v=XrO6rTXd-Nc
Wb0-ginVmtk,https://www.youtube.com/watch?v=Wb0-ginVmtk
nJFdtxlJ-P4,https://www.youtube.com/watch?v=nJFdtxlJ-P4
VhnjyKm6plE,https://www.youtube.com/watch?v=VhnjyKm6plE
jUo2Ol74uaw,https://www.youtube.com/watch?v=jUo2Ol74uaw
xDmjRURoRvU,https://www.youtube.com/watch?v=xDmjRURoRvU
QTfV3JSkOWo,https://www.youtube.com/watch?v=QTfV3JSkOWo
FrwhizqgXKs,https://www.youtube.com/watch?v=FrwhizqgXKs
7IUK3pycuBk,https://www.youtube.com/watch?v=7IUK3pycuBk
izAPjNSpmTM,https://www.youtube.com/watch?v=izAPjNSpmTM
mSY7XaPnRlw,https://www.youtube.com/watch?v=mSY7XaPnRlw
G2QvxVgTYmI,https://www.youtube.com/watch?v=G2QvxVgTYmI
w50MImj0esQ,https://www.youtube.com/watch?v=w50MImj0esQ
ZmaYNxzjrBU,https://www.youtube.com/watch?v=ZmaYNxzjrBU
biEa2I1chKM,https://www.youtube.com/watch?v=biEa2I1chKM
2MXFzu7FrMM,https://www.youtube.com/watch?v=2MXFzu7FrMM
7N-kc0jpSrc,https://www.youtube.com/watch?v=7N-kc0jpSrc
b5FAuROyS1Q,https://www.youtube.com/watch?v=b5FAuROyS1Q
UNNvJNWfuJM,https://www.youtube.com/watch?v=UNNvJNWfuJM
sQbgt3xnXjw,https://www.youtube.com/watch?v=sQbgt3xnXjw
GJkBiGxNowk,https://www.youtube.com/watch?v=GJkBiGxNowk
WvG7akyfD8s,https://www.youtube.com/watch?v=WvG7akyfD8s
NVo2bQzJnKc,https://www.youtube.com/watch?v=NVo2bQzJnKc
_hof4z9MYTI,https://www.youtube.com/watch?v=_hof4z9MYTI
450_mEojroM,https://www.youtube.com/watch?v=450_mEojroM
_BTcU2SRT2k,https://www.youtube.com/watch?v=_BTcU2SRT2k
zW-_rHEzpr8,https://www.youtube.com/watch?v=zW-_rHEzpr8
k8YMNp3FfD0,https://www.youtube.com/watch?v=k8YMNp3FfD0
2cexFOCrGVU,https://www.youtube.com/watch?v=2cexFOCrGVU
qjU8rTIw1L4,https://www.youtube.com/watch?v=qjU8rTIw1L4
d_7xogVAPFE,https://www.youtube.com/watch?v=d_7xogVAPFE
iHPhQ_uyvLE,https://www.youtube.com/watch?v=iHPhQ_uyvLE
6NW5t6aABBA,https://www.youtube.com/watch?v=6NW5t6aABBA
rMbCB2_vCt0,https://www.youtube.com/watch?v=rMbCB2_vCt0
YhiUNxYSjrw,https://www.youtube.com/watch?v=YhiUNxYSjrw
IM08AnPY29A,https://www.youtube.com/watch?v=IM08AnPY29A
FKtB8Uyu22w,https://www.youtube.com/watch?v=FKtB8Uyu22w
yISphW7wPAI,https://www.youtube.com/watch?v=yISphW7wPAI
Pt5zvT8qKqI,https://www.youtube.com/watch?v=Pt5zvT8qKqI
wDH6kVRw2bA,https://www.youtube.com/watch?v=wDH6kVRw2bA
9cbxU17IVXo,https://www.youtube.com/watch?v=9cbxU17IVXo
UOiiNfiU3K0,https://www.youtube.com/watch?v=UOiiNfiU3K0
WZ6D49SWmxQ,https://www.youtube.com/watch?v=WZ6D49SWmxQ
FmzNT1YD7zk,https://www.youtube.com/watch?v=FmzNT1YD7zk
dIWkt5zacmg,https://www.youtube.com/watch?v=dIWkt5zacmg
lFlcXhAC8-E,https://www.youtube.com/watch?v=lFlcXhAC8-E
pi5pDQeHLWI,https://www.youtube.com/watch?v=pi5pDQeHLWI
_Vwd8wdBCKQ,https://www.youtube.com/watch?v=_Vwd8wdBCKQ
dda-r1BT42Q,https://www.youtube.com/watch?v=dda-r1BT42Q
Mz7G8N03h2Y,https://www.youtube.com/watch?v=Mz7G8N03h2Y